編號	生活群集	議題標題	切入形式	國際技術錨點	間接帶入點	建議平台	層級
C01-01	C01 上班族與通勤	你一年花多少時間在找東西？（30 秒問卷）	問卷調查	Apple Find My｜Tile	找東西的時間成本，是所有定位需求的共同起點	Threads／IG	L0
C01-02	C01 上班族與通勤	辦公室最常不見的五樣東西排行	市場調查	Google Find Hub｜Tile	資產定位不是工廠專利，辦公室也適用	Threads	L0
C01-03	C01 上班族與通勤	我在捷運上撿到一個小圓片，它把我嚇到了	個人發現	Apple AirTag｜IETF DULT 反追蹤標準	反追蹤警示怎麼運作，順勢談匿名回傳設計	Threads／Dcard	L1
C01-04	C01 上班族與通勤	通勤族的鑰匙掉落熱點地圖	現象觀察	Apple Find My 群眾網路	群眾網路在人多的地方才有用，這是誠實的前提	Threads	L1
C01-05	C01 上班族與通勤	為什麼你的手機可能正在幫陌生人找東西	冷知識	Apple Find My｜Google Find Hub	群眾網路的原理與匿名性，台灣也有自研版本	Mobile01／Threads	L1
C01-06	C01 上班族與通勤	筆電被偷之後，我學到的三件事	個人發現	Find My｜Find Hub	被動定位的極限與適用情境	Dcard	L1
C01-07	C01 上班族與通勤	公司財產編號貼紙，為什麼永遠對不上	現象觀察	BLE 資產標籤	盤點從人工走到自動的那一步	LinkedIn	L1
C01-08	C01 上班族與通勤	開放式辦公室，東西為什麼更容易不見	社會現狀	BLE AoA/AoD 區域判讀	區域級定位就夠用，不需要公分級	LinkedIn	L2
C01-09	C01 上班族與通勤	會議室的投影轉接頭都去哪了	現象觀察	Tile｜BLE 標籤	小資產的流失成本被嚴重低估	Threads	L0
C01-10	C01 上班族與通勤	遠距辦公後，公司設備追不回來的比例	市場調查	Find My｜企業 MDM	離開場域之後就失去視野，這是普遍問題	LinkedIn	L1
C01-11	C01 上班族與通勤	你願意讓公司知道你在哪嗎？（匿名投票）	問卷調查	去識別化群體統計	人員定位的倫理界線	Dcard／Threads	L0
C01-12	C01 上班族與通勤	上班打卡的下一步，會是什麼	現象觀察	BLE 區域感測	從打卡到區域判讀的演進	LinkedIn	L2
C01-13	C01 上班族與通勤	我把 AirTag 放進公事包一個月，發現了什麼	個人發現	Apple Find My	記錄軌跡與即時追蹤的差別	Mobile01	L2
C01-14	C01 上班族與通勤	午休出去吃飯，多久沒人找得到你	現象觀察	Bluetooth Channel Sounding	距離感知技術的日常應用	Threads	L1
C01-15	C01 上班族與通勤	那些被留在計程車上的東西	社會現狀	Find My｜Find Hub	跨場域的最後偵測位置有多實用	Threads	L1
C01-16	C01 上班族與通勤	雨傘的年失蹤率，可能比你想的高	冷知識	Tile｜BLE 標籤	低價物品是否值得裝定位的思辨	Threads	L0
C01-17	C01 上班族與通勤	如果每件公司資產都有座標，管理會變怎樣	跨界類比	Zebra RTLS 概念	從工廠資產定位延伸到辦公室	LinkedIn	L2
C02-01	C02 家庭育兒與學齡兒童	幼兒園門口，家長最怕的那三十秒	現象觀察	BLE 電子圍籬	出入口感測的原理與誤報控制	FB 社團	L1
C02-02	C02 家庭育兒與學齡兒童	你會讓小孩戴定位裝置嗎？（家長投票）	問卷調查	Apple Find My｜Google Find Hub	兒童定位的分寸與家長心理	FB／Threads	L0
C02-03	C02 家庭育兒與學齡兒童	校車上下車自動點名，國外已經這樣做	市場調查	BLE 車載閘道器校車考勤	同一技術可用在長照接送	產業媒體	L2
C02-04	C02 家庭育兒與學齡兒童	小孩把定位手錶拔掉的第七天	個人發現	Find My｜穿戴裝置	配戴意願才是真正的門檻	Dcard	L1
C02-05	C02 家庭育兒與學齡兒童	遊樂園走散的統計，比你想的頻繁	市場調查	UWB／FiRa 高精度定位	大型場域的人流與走散管理	Threads	L1
C02-06	C02 家庭育兒與學齡兒童	百貨公司廣播找小孩，為什麼還在用	社會現狀	BLE 區域判讀	廣播是上個世代的協尋方式	Threads	L1
C02-07	C02 家庭育兒與學齡兒童	書包裡塞一個標籤，我後來後悔了嗎	個人發現	Apple AirTag｜DULT	兒童定位的隱私與同意	Dcard	L1
C02-08	C02 家庭育兒與學齡兒童	三代同堂的家，誰在照顧誰	社會現狀	—	從育兒焦慮連到照顧焦慮	Threads	L0
C02-09	C02 家庭育兒與學齡兒童	家長群組裡最常被問的定位問題 TOP10	市場調查	Find My｜Find Hub｜Tile	用家長的語言整理品類知識	FB 社團	L1
C02-10	C02 家庭育兒與學齡兒童	兒童手錶與長輩手錶，需求其實相反	跨界類比	穿戴 GPS 裝置	兒童要互動，長輩要無感	部落格	L2
C02-11	C02 家庭育兒與學齡兒童	安親班到家的那段路，誰在看著	現象觀察	群眾網路｜車載接收	移動段的普遍缺口	FB 社團	L1
C02-12	C02 家庭育兒與學齡兒童	暑假走失通報會上升嗎（數據查核）	市場調查	警政統計	用數據破除或確認直覺	Threads	L0
C02-13	C02 家庭育兒與學齡兒童	露營帳篷區，小孩跑掉怎麼找	個人發現	Find My 精確尋找｜UWB	戶外低密度區的定位現實	Threads	L1
C02-14	C02 家庭育兒與學齡兒童	我用定位換來的不是安心，是新的焦慮	個人發現	—	科技不會消除焦慮，只會改變形狀	Dcard	L0
C02-15	C02 家庭育兒與學齡兒童	家裡失智長輩與學齡小孩同時要顧	社會現狀	BLE 群眾網路	三明治世代的雙向照顧	Threads／FB	L1
C02-16	C02 家庭育兒與學齡兒童	水壺、外套、餐袋：學校最常遺失的東西	現象觀察	Tile｜BLE 標籤	低價高頻遺失的成本累積	FB 社團	L0
C02-17	C02 家庭育兒與學齡兒童	把標籤縫進衣服，是保護還是監控	問卷調查	DULT 反追蹤標準	同意與知情的邊界	Threads	L0
C03-01	C03 寵物與毛小孩	貓走失後的黃金 72 小時	現象觀察	Apple Find My｜Tile	協尋黃金時間的跨物種共通性	FB 社團／Threads	L1
C03-02	C03 寵物與毛小孩	寵物晶片不是定位器，很多人搞錯了	冷知識	RFID 晶片 vs BLE 定位	被動識別與主動回報的差別，與愛心手鍊同理	Threads	L1
C03-03	C03 寵物與毛小孩	狗狗項圈定位器，續航是最大痛點	市場調查	Find My｜GPS 項圈	續航與配戴是所有定位品類的共同題	Mobile01	L2
C03-04	C03 寵物與毛小孩	你的貓一天走多遠？（軌跡紀錄實測）	個人發現	GPS 軌跡回放	軌跡回放的價值不只在找人	Threads	L1
C03-05	C03 寵物與毛小孩	寵物旅館最怕的一件事	現象觀察	BLE 電子圍籬	機構型場域的共同風險	產業媒體	L1
C03-06	C03 寵物與毛小孩	浪犬 TNR 的耳標，如果能回報位置	跨界類比	BLE 標籤	公共議題與定位技術的交會	Threads	L0
C03-07	C03 寵物與毛小孩	寵物公園的走失熱點	現象觀察	群眾網路密度	開放空間的定位限制	FB 社團	L1
C03-08	C03 寵物與毛小孩	颱風天，寵物走失通報會暴增嗎	市場調查	—	極端天氣與走失的相關性	Threads	L0
C03-09	C03 寵物與毛小孩	寵物定位器的價格帶，從 300 到 6000	市場調查	Tile｜Find My｜GPS 款	價格帶分層與功能落差	Mobile01	L2
C03-10	C03 寵物與毛小孩	我幫爸爸的狗裝了定位，然後想到爸爸	個人發現	Find My	從寵物自然過渡到長輩	Threads／Dcard	L1
C03-11	C03 寵物與毛小孩	老貓失智也會走失，你知道嗎	冷知識	—	跨物種的認知退化與遊走	Threads	L0
C03-12	C03 寵物與毛小孩	動物醫院的儀器也會不見	現象觀察	BLE 資產標籤	小型機構的資產管理	產業媒體	L1
C03-13	C03 寵物與毛小孩	帶寵物出國，行李與寵物袋怎麼追	個人發現	Apple Find My 行李追蹤	跨國移動的定位現實	Threads	L1
C03-14	C03 寵物與毛小孩	寵物走失協尋社團，效率有多高	現象觀察	群眾協尋	人肉網路與技術網路的互補	FB 社團	L0
C03-15	C03 寵物與毛小孩	晶片登記率與實際協尋率的落差	市場調查	農業部統計	登記不等於找得到	Threads	L0
C03-16	C03 寵物與毛小孩	定位項圈會不會讓狗不舒服	問卷調查	穿戴舒適度	配戴接受度的跨物種驗證	FB 社團	L1
C03-17	C03 寵物與毛小孩	如果定位器能藏在腳掌墊裡	跨界類比	—	無感配戴的設計思路，正是鞋墊的邏輯	Threads	L2
C04-01	C04 校園與補教	大學宿舍最常被偷的東西	市場調查	Tile｜Find My	校園資產與個人物品的流失	Dcard	L0
C04-02	C04 校園與補教	實驗室的儀器借用登記，永遠對不上	現象觀察	BLE 資產標籤	借還管理的自動化	Dcard／技術部落格	L1
C04-03	C04 校園與補教	校外教學點名，老師的惡夢	現象觀察	BLE 區域判讀｜車載考勤	群體移動的清點需求	FB 社團	L1
C04-04	C04 校園與補教	體育課的心率帶，其實也是定位裝置	冷知識	Catapult 運動科學	穿戴裝置的雙重用途	Threads	L1
C04-05	C04 校園與補教	補習班下課後那段路，家長在擔心什麼	現象觀察	群眾網路	移動段的家長焦慮	FB 社團	L1
C04-06	C04 校園與補教	校園霸凌的地點分布，能被看見嗎	社會現狀	區域熱區分析	定位資料的倫理界線	Threads	L0
C04-07	C04 校園與補教	學生證從刷卡到感應，下一步是什麼	現象觀察	BLE｜UWB	識別技術的演進路徑	技術部落格	L1
C04-08	C04 校園與補教	消防演練，學校要多久才能確認人到齊	現象觀察	BLE 人員盤點	演練盤點是工廠與校園的共同題	產業媒體	L2
C04-09	C04 校園與補教	特教班的學生安全，跟一般班不一樣	社會現狀	電子圍籬	特殊需求族群的非侵入式守護	FB 社團	L1
C04-10	C04 校園與補教	圖書館的書，為什麼還是會找不到	現象觀察	RFID｜BLE	定位與識別的分工	Threads	L1
C04-11	C04 校園與補教	畢業典禮那天，學校有多少人在場	跨界類比	人流計數	大型活動的人數掌握	Threads	L0
C04-12	C04 校園與補教	你在學校遺失過最貴的東西是什麼	問卷調查	—	用互動問題建立話題	Dcard	L0
C04-13	C04 校園與補教	宿舍門禁刷卡的資料，誰看得到	社會現狀	個資與最小權限	定位資料的權限設計	Dcard	L0
C04-14	C04 校園與補教	校車路線最佳化，其實是個數學問題	市場調查	GNSS 車輛追蹤	接送排程的效率空間	技術部落格	L1
C04-15	C04 校園與補教	國外校園怎麼做上下車考勤	市場調查	BLE 車載閘道器	國際做法對照	產業媒體	L2
C04-16	C04 校園與補教	老師最想要的科技工具是什麼（問卷）	問卷調查	—	需求挖掘型互動	FB 社團	L0
C04-17	C04 校園與補教	一支手機就能當接收器，校園適用嗎	跨界類比	群眾網路｜員工手機接收	零硬體成本方案的可行性	技術部落格	L2
C05-01	C05 運動健身與路跑	馬拉松晶片計時，用的是什麼技術	冷知識	RFID 計時毯｜UWB	大型賽事的通過點偵測	Threads	L1
C05-02	C05 運動健身與路跑	職業球隊的球員追蹤，精度到什麼程度	市場調查	Kinexon｜Catapult｜STATSports	國際頂級 RTLS 的實戰應用	Mobile01／技術部落格	L2
C05-03	C05 運動健身與路跑	健身房的器材使用率，其實可以量	現象觀察	BLE 資產標籤	使用率分析的商業價值	產業媒體	L1
C05-04	C05 運動健身與路跑	跑者最常掉的裝備排行	市場調查	Tile｜Find My	高單價運動裝備的防丟需求	Threads	L0
C05-05	C05 運動健身與路跑	越野跑失聯，救援怎麼找人	現象觀察	GNSS｜衛星通訊	低密度區的定位極限	Threads	L1
C05-06	C05 運動健身與路跑	運動手錶的 GPS 到底準不準	問卷調查	GNSS 多頻	消費者最關心的精度問題	Mobile01	L2
C05-07	C05 運動健身與路跑	你會為了安全戴定位裝置嗎（跑者投票）	問卷調查	—	配戴意願的另一個族群驗證	Threads	L0
C05-08	C05 運動健身與路跑	泳池與海泳，定位為什麼更難	冷知識	射頻在水中的衰減	技術限制的誠實說明	Mobile01	L1
C05-09	C05 運動健身與路跑	銀髮運動班的安全管理	現象觀察	BLE 區域判讀	銀髮族群的活動場域安全	產業媒體	L2
C05-10	C05 運動健身與路跑	健身房置物櫃失竊的真實比例	市場調查	—	場域安全與資產保護	Threads	L0
C05-11	C05 運動健身與路跑	自行車失竊後，找回率有多低	市場調查	Find My｜GPS 追蹤器	高價資產的追回現實	Mobile01	L2
C05-12	C05 運動健身與路跑	電動輔助自行車，為什麼更容易被偷	現象觀察	GPS 追蹤器	高價品的防盜設計	Mobile01	L1
C05-13	C05 運動健身與路跑	運動賽事的人流動線，主辦方怎麼看	現象觀察	BLE｜Wi-Fi 定位	大型活動的動線管理	產業媒體	L1
C05-14	C05 運動健身與路跑	親子路跑，小孩跑丟了怎麼辦	個人發現	群眾網路	活動現場的協尋現實	Threads	L1
C05-15	C05 運動健身與路跑	穿戴裝置的續航焦慮，跨品類都一樣	跨界類比	Bluetooth 低功耗設計	續航是所有穿戴的共同天花板	Mobile01	L2
C05-16	C05 運動健身與路跑	鞋子裡的感測器，運動科學早就在做	跨界類比	智慧鞋墊／足壓感測	鞋內裝置的接受度早已被驗證	技術部落格	L2
C05-17	C05 運動健身與路跑	登山客的緊急求救，按得到嗎	現象觀察	SOS 按鈕設計	求救鍵的實際可用性	Threads	L1
C06-01	C06 登山露營與戶外	山難搜救，第一步永遠是縮小範圍	現象觀察	GNSS｜衛星求救器	最後偵測位置的核心價值就是縮範圍	Threads／Mobile01	L1
C06-02	C06 登山露營與戶外	離線地圖救了我一次	個人發現	GNSS 離線定位	斷網環境下的定位現實	Mobile01	L1
C06-03	C06 登山露營與戶外	登山入園證與實際入山人數的落差	市場調查	—	名冊與實況的落差，機構也一樣	Threads	L0
C06-04	C06 登山露營與戶外	露營區的小孩與長輩，誰在看著	現象觀察	群眾網路密度	低密度區的誠實限制	FB 社團	L1
C06-05	C06 登山露營與戶外	帳篷、睡袋、椅子：露營最常忘記帶走的東西	市場調查	Tile｜Find My	裝備清點的自動化想像	Threads	L0
C06-06	C06 登山露營與戶外	為什麼山上手機沒訊號，定位還能用	冷知識	GNSS 不需網路	衛星定位與網路回傳是兩件事	Mobile01	L1
C06-07	C06 登山露營與戶外	衛星通訊手機，改變了什麼	市場調查	衛星直連手機服務	極端環境的通訊演進	Mobile01	L1
C06-08	C06 登山露營與戶外	一個人的獨攀，風險在哪裡	社會現狀	單獨作業告警概念	久未移動告警的跨場域邏輯	Threads	L1
C06-09	C06 登山露營與戶外	搜救隊最想要的一項資訊是什麼	問卷調查	—	用專業視角定義需求	Threads	L0
C06-10	C06 登山露營與戶外	國家公園的巡查員，怎麼確保自身安全	現象觀察	BLE｜GNSS	戶外工作者的人員安全	產業媒體	L1
C06-11	C06 登山露營與戶外	潛水的水下定位，用的完全不是無線電	冷知識	聲學定位	不同介質需要不同技術	Mobile01	L1
C06-12	C06 登山露營與戶外	溯溪與野溪溫泉的意外分布	市場調查	—	風險場域的資料化	Threads	L0
C06-13	C06 登山露營與戶外	戶外裝備的二手轉賣，序號查得到嗎	現象觀察	序號與保固紀錄	資產識別的基礎	Mobile01	L1
C06-14	C06 登山露營與戶外	高山症發作的那一刻，同伴在多遠	個人發現	距離感知	Channel Sounding 的距離應用	Threads	L2
C06-15	C06 登山露營與戶外	林道車輛與人員的分離管理	跨界類比	車載接收器	移動接收器的另一種場景	技術部落格	L2
C06-16	C06 登山露營與戶外	帶失智長輩去戶外，是不是太冒險	社會現狀	電子圍籬｜群眾網路	從限制到擴權的敘事翻轉	Threads／FB	L1
C06-17	C06 登山露營與戶外	一年有多少人在步道上走失	市場調查	警消統計	數據建立議題重量	Threads	L0
C07-01	C07 旅遊住宿與行李	行李被丟包，你能追到哪一步	個人發現	Apple Find My 行李｜航空公司追蹤	跨國定位鏈的斷點	Mobile01／Threads	L2
C07-02	C07 旅遊住宿與行李	航空公司開始支援分享行李位置了	市場調查	Apple Find My Share Item Location	國際趨勢：定位資料的授權分享	Mobile01	L2
C07-03	C07 旅遊住宿與行李	飯店房卡的下一代會是什麼	現象觀察	UWB 數位鑰匙｜CCC	距離感知在門禁的應用	技術部落格	L2
C07-04	C07 旅遊住宿與行李	跟團旅遊，導遊怎麼確認人到齊	現象觀察	BLE 群體點名	團體移動的清點需求	產業媒體	L1
C07-05	C07 旅遊住宿與行李	銀髮旅遊團，最常發生的狀況是什麼	市場調查	—	銀髮旅遊的安全缺口	產業媒體	L1
C07-06	C07 旅遊住宿與行李	郵輪上走失，跟陸地上完全不同	跨界類比	船上定位系統	封閉場域的定位邏輯	Threads	L1
C07-07	C07 旅遊住宿與行李	民宿老闆最怕客人發生什麼事	問卷調查	—	小型住宿業的風險	FB 社團	L0
C07-08	C07 旅遊住宿與行李	溫泉區與大眾湯，長輩最容易出事的地方	現象觀察	防水等級｜久未移動	高風險場域的守護設計	Threads	L1
C07-09	C07 旅遊住宿與行李	自由行 vs 跟團，走失風險差多少	問卷調查	—	行為模式與風險	Threads	L0
C07-10	C07 旅遊住宿與行李	帶長輩出國，我準備了哪些東西	個人發現	Find My｜群眾網路	跨國情境的裝備清單	FB／部落格	L1
C07-11	C07 旅遊住宿與行李	國外的失智友善旅遊做到什麼程度	市場調查	荷蘭與日本做法	國際對照建立視野	部落格	L0
C07-12	C07 旅遊住宿與行李	飯店布巾與備品的流失成本	現象觀察	RFID 布巾管理	資產管理的冷門但真實需求	產業媒體	L1
C07-13	C07 旅遊住宿與行李	機場地勤的行李轉運，斷在哪一段	現象觀察	BLE｜RFID 行李標籤	移動段的資料斷點	產業媒體	L2
C07-14	C07 旅遊住宿與行李	租車還車時的糾紛，怎麼舉證	現象觀察	GNSS 軌跡紀錄	歷程留痕的價值	Threads	L1
C07-15	C07 旅遊住宿與行李	旅行箱裡放定位器，海關會有意見嗎	冷知識	鋰電池與航空安全	實務限制的誠實說明	Mobile01	L1
C07-16	C07 旅遊住宿與行李	包車司機與旅客的協調，最常卡在哪	現象觀察	即時位置共享	移動服務的資訊落差	Threads	L0
C07-17	C07 旅遊住宿與行李	旅遊平安險理賠，需要什麼證據	跨界類比	位置與時間紀錄	紀錄可追溯的商業價值	部落格	L1
C08-01	C08 餐飲外送與廚房	外送員的路線，平台看得多細	現象觀察	GNSS 即時追蹤	即時追蹤的成本與功耗代價	Threads	L1
C08-02	C08 餐飲外送與廚房	保溫袋裡的溫度，真的有人在看嗎	現象觀察	BLE 溫度標籤	溫度與位置同一條時間軸	Threads	L1
C08-03	C08 餐飲外送與廚房	中央廚房到門市的冷鏈，斷在哪	市場調查	BLE＋LoRaWAN 冷鏈方案	國際冷鏈架構對照	產業媒體	L2
C08-04	C08 餐飲外送與廚房	餐廳的餐具與餐盤一年少多少	市場調查	RFID｜BLE 標籤	周轉具流失的跨產業共通性	產業媒體	L1
C08-05	C08 餐飲外送與廚房	冰箱溫度紀錄表，還在手抄嗎	現象觀察	data logger	自動紀錄取代人工抄表	產業媒體	L1
C08-06	C08 餐飲外送與廚房	食安稽核最常被開的缺失	市場調查	溫度紀錄規範	合規壓力是最好的導入理由	產業媒體	L1
C08-07	C08 餐飲外送與廚房	開放式廚房，員工動線其實可以優化	現象觀察	BLE 區域熱區	動線分析的效率價值	產業媒體	L2
C08-08	C08 餐飲外送與廚房	夜市攤商的生財器具會不見嗎	現象觀察	BLE 標籤	微型商家的資產保護	Threads	L0
C08-09	C08 餐飲外送與廚房	外送員被留在大樓裡的那十分鐘	個人發現	室內定位	大樓內部的定位盲區	Threads	L1
C08-10	C08 餐飲外送與廚房	你點的餐，其實經過幾個溫層	冷知識	多溫層共配	冷鏈知識科普	Threads	L1
C08-11	C08 餐飲外送與廚房	團膳送到學校，溫度誰負責	社會現狀	冷鏈溫度舉證	責任歸屬與紀錄	產業媒體	L1
C08-12	C08 餐飲外送與廚房	廚餘回收車的路線，能不能更聰明	跨界類比	GNSS 車輛調度	派遣最佳化的跨產業應用	Threads	L0
C08-13	C08 餐飲外送與廚房	連鎖店的庫存盤點，多久做一次	市場調查	RFID 盤點	盤點工時的壓縮空間	產業媒體	L1
C08-14	C08 餐飲外送與廚房	高齡員工在廚房的安全	社會現狀	久未移動告警	銀髮就業的場域安全	產業媒體	L1
C08-15	C08 餐飲外送與廚房	外送保溫箱如果自己會回報溫度	跨界類比	BLE 溫度標籤	同一顆標籤的跨場域延伸	Threads	L2
C08-16	C08 餐飲外送與廚房	餐飲業離職率高，交接靠什麼	現象觀察	紀錄可追溯	交班空白的跨產業共通性	產業媒體	L1
C08-17	C08 餐飲外送與廚房	一杯手搖飲從製作到送達，幾分鐘	市場調查	時間戳記	時間軸資料的可視化	Threads	L0
C09-01	C09 零售賣場與百貨	賣場的推車一年跑掉幾台	市場調查	BLE 標籤｜電子圍籬	周轉具流失的零售版本	產業媒體	L1
C09-02	C09 零售賣場與百貨	高價商品的防盜，從磁扣到什麼	現象觀察	BLE 地理圍欄防損	國際零售防損趨勢	產業媒體	L2
C09-03	C09 零售賣場與百貨	百貨公司的動線設計，其實有數據	現象觀察	Wi-Fi／BLE 人流分析	人流資料的商業價值	產業媒體	L1
C09-04	C09 零售賣場與百貨	你在賣場平均走多遠	冷知識	室內定位軌跡	軌跡資料的日常趣味	Threads	L0
C09-05	C09 零售賣場與百貨	店員找貨的時間，佔工時多少	市場調查	BLE 資產定位	找東西的時間成本再現	產業媒體	L1
C09-06	C09 零售賣場與百貨	無人商店的下一步是什麼	現象觀察	UWB｜電腦視覺	技術路線的比較	技術部落格	L2
C09-07	C09 零售賣場與百貨	生鮮冷櫃的溫度，誰在半夜盯	現象觀察	溫度告警	夜間無人時段的監控	產業媒體	L1
C09-08	C09 零售賣場與百貨	賣場裡走失的長輩，通常在哪一區	現象觀察	區域判讀	場域內走失的熱點	Threads	L1
C09-09	C09 零售賣場與百貨	百貨的失物招領，一年收到多少東西	市場調查	—	遺失規模的具體化	Threads	L0
C09-10	C09 零售賣場與百貨	購物車裡的商品，能不能自己結帳	跨界類比	RFID 批次讀取	識別與定位的分工	技術部落格	L1
C09-11	C09 零售賣場與百貨	超市的店員呼叫鈴，為什麼常沒人來	現象觀察	人員區域定位	呼叫與派工的效率	產業媒體	L1
C09-12	C09 零售賣場與百貨	促銷檔期的人流尖峰，能預測嗎	市場調查	人流資料	資料驅動的營運	產業媒體	L1
C09-13	C09 零售賣場與百貨	銀髮友善賣場，國外怎麼做	市場調查	國際高齡友善零售	國際對照	部落格	L0
C09-14	C09 零售賣場與百貨	停車場找不到車，比你想的常見	現象觀察	BLE｜室內定位	停車場是定位需求最直覺的場景	Threads	L1
C09-15	C09 零售賣場與百貨	賣場的緊急疏散，人數怎麼確認	現象觀察	BLE 人員盤點	疏散盤點的跨場域需求	產業媒體	L2
C09-16	C09 零售賣場與百貨	櫃姐的一天要走多少步	現象觀察	軌跡與步數	人員動線的具象化	Threads	L0
C09-17	C09 零售賣場與百貨	如果貨架自己知道缺貨了	跨界類比	感測標籤	物聯網的零售想像	技術部落格	L1
C10-01	C10 傳統市場與攤商	菜市場的長輩，走失了往哪找	現象觀察	群眾網路密度	人多的地方回報快，這是誠實的前提	Threads／FB	L1
C10-02	C10 傳統市場與攤商	攤商的推車與冰桶，怎麼防丟	現象觀察	BLE 標籤	微型商家的資產需求	Threads	L0
C10-03	C10 傳統市場與攤商	市場的冷藏設備，溫度誰在管	現象觀察	溫度感測標籤	食安的基層現實	產業媒體	L1
C10-04	C10 傳統市場與攤商	早市與黃昏市場的人流差異	市場調查	人流資料	生活資料的趣味化	Threads	L0
C10-05	C10 傳統市場與攤商	攤位租金與人流的關係	市場調查	人流分析	資料如何改變定價	產業媒體	L1
C10-06	C10 傳統市場與攤商	市場裡的無障礙，做得如何	社會現狀	—	高齡友善的公共空間	Threads	L0
C10-07	C10 傳統市場與攤商	長輩每天去市場的固定路線	現象觀察	軌跡與習慣	習慣路線是走失判讀的基礎	FB 社團	L1
C10-08	C10 傳統市場與攤商	市場攤商是最好的守望網絡	現象觀察	社區協尋	人肉網路的力量	FB 社團	L0
C10-09	C10 傳統市場與攤商	你認識你家附近幾個攤商	問卷調查	—	社區連結的具體化	Threads	L0
C10-10	C10 傳統市場與攤商	夜市的走失廣播，還在用喇叭	社會現狀	區域判讀	協尋方式的世代落差	Threads	L0
C10-11	C10 傳統市場與攤商	攤商的行動支付普及了，那安全呢	現象觀察	—	數位化的不均衡	Threads	L0
C10-12	C10 傳統市場與攤商	市場火災的疏散，怎麼確認人	現象觀察	人員盤點	公共場域的安全	產業媒體	L1
C10-13	C10 傳統市場與攤商	生鮮從產地到攤位，經過幾手	市場調查	供應鏈追溯	溯源的消費者價值	Threads	L1
C10-14	C10 傳統市場與攤商	攤商的高齡化，比你想的嚴重	市場調查	—	銀髮就業與場域安全	Threads	L0
C10-15	C10 傳統市場與攤商	長輩在市場跌倒，多久會被發現	現象觀察	久未移動告警	公共空間的異常偵測	Threads	L1
C10-16	C10 傳統市場與攤商	市場改建後，長輩找不到原本的攤位	社會現狀	空間認知	環境改變與失智者的定向	Threads	L0
C10-17	C10 傳統市場與攤商	如果市場入口有個看不見的門檻	跨界類比	電子圍籬	圍籬概念的生活化比喻	Threads	L1
C11-01	C11 建築工地與職人	工地最常不見的工具排行	市場調查	BLE 資產標籤	工具流失的真實成本	產業媒體	L1
C11-02	C11 建築工地與職人	工地點名，現在還在用紙本嗎	現象觀察	BLE 智慧工牌	人員盤點的數位化	LinkedIn	L1
C11-03	C11 建築工地與職人	鷹架上的單獨作業，誰在看著	現象觀察	久未移動告警	高風險作業的安全網	產業媒體	L2
C11-04	C11 建築工地與職人	承攬商進場管理，最常出什麼包	現象觀察	門禁＋定位	承攬商是工安管理的破口	LinkedIn	L2
C11-05	C11 建築工地與職人	工地的求救按鈕，按得到嗎	問卷調查	SOS 設計	求救鍵的實際可用性	產業媒體	L1
C11-06	C11 建築工地與職人	鋼筋、模板、機具：哪一項最容易被偷	市場調查	GPS 追蹤器｜BLE	高價資產的防竊	產業媒體	L1
C11-07	C11 建築工地與職人	水電師傅一天要跑幾個工地	現象觀察	派工與軌跡	移動工作者的調度	Threads	L0
C11-08	C11 建築工地與職人	IP67 與 IK10 是什麼意思	冷知識	工業防護等級	戶外硬體的規格科普	技術部落格	L1
C11-09	C11 建築工地與職人	工地夜間的設備失竊率	市場調查	電子圍籬告警	夜間無人時段的防護	產業媒體	L1
C11-10	C11 建築工地與職人	高齡工人的比例，正在上升	社會現狀	—	勞動力高齡化與場域安全	Threads	L0
C11-11	C11 建築工地與職人	工程車隊的油耗與路線	現象觀察	GNSS 車輛管理	車隊管理的成本效益	產業媒體	L1
C11-12	C11 建築工地與職人	鐵皮屋與金屬結構，訊號會怎樣	冷知識	多路徑與屏蔽	金屬環境的技術誠實	技術部落格	L2
C11-13	C11 建築工地與職人	職災發生後，紀錄拿得出來嗎	社會現狀	歷程留痕	舉證責任與事後追溯	LinkedIn	L2
C11-14	C11 建築工地與職人	外籍移工的溝通與安全管理	社會現狀	多語告警	語言障礙下的安全設計	產業媒體	L1
C11-15	C11 建築工地與職人	工地的安全帽如果會回報位置	跨界類比	穿戴標籤	無感配戴的另一種載體	技術部落格	L2
C11-16	C11 建築工地與職人	一個工地同時有幾個工班	市場調查	多方協作	複雜場域的人員組成	產業媒體	L1
C11-17	C11 建築工地與職人	石化廠的巡檢防弊，怎麼做	市場調查	BLE 定位＋PDA 巡檢	代刷卡問題的技術解	產業媒體	L2
C12-01	C12 農林漁牧	牛羊的放牧追蹤，國外做到什麼程度	市場調查	GNSS 項圈｜虛擬圍籬	農業定位的國際實作	技術部落格	L1
C12-02	C12 農林漁牧	果園的農機具，一年少幾把	市場調查	BLE 標籤	農業資產的流失	產業媒體	L1
C12-03	C12 農林漁牧	溫室的溫溼度紀錄，誰在看	現象觀察	感測標籤	環境監測的基礎需求	產業媒體	L1
C12-04	C12 農林漁牧	漁船的定位回報，法規怎麼規定	市場調查	VMS 漁船監控	法規驅動的定位需求	技術部落格	L1
C12-05	C12 農林漁牧	養殖池的水溫異常，多久會被發現	現象觀察	溫度告警	異常偵測的通用價值	產業媒體	L1
C12-06	C12 農林漁牧	農村的長輩下田，家人怎麼放心	現象觀察	群眾網路密度	農村低密度區的誠實限制	FB 社團	L1
C12-07	C12 農林漁牧	茶園採茶工的人數與工時	現象觀察	區域判讀	季節性人力的管理	產業媒體	L1
C12-08	C12 農林漁牧	農產品履歷，消費者真的會看嗎	問卷調查	溯源系統	溯源的消費端價值	Threads	L0
C12-09	C12 農林漁牧	蜂箱被偷，你知道多常發生嗎	市場調查	BLE 標籤	冷門但真實的資產需求	Threads	L0
C12-10	C12 農林漁牧	農機共享的調度問題	現象觀察	GNSS 派遣	共享經濟的定位基礎	產業媒體	L1
C12-11	C12 農林漁牧	偏鄉的網路覆蓋，影響了什麼	社會現狀	LoRa｜衛星回傳	低網路環境的技術選型	技術部落格	L2
C12-12	C12 農林漁牧	冷鏈從產地開始，才有意義	現象觀察	BLE 溫度標籤	產地端的冷鏈起點	產業媒體	L2
C12-13	C12 農林漁牧	農村高齡化與獨居，數字長什麼樣	市場調查	—	議題重量的建立	Threads	L0
C12-14	C12 農林漁牧	山區果園的意外，救援要多久	現象觀察	最後偵測位置	縮小搜索範圍的價值	Threads	L1
C12-15	C12 農林漁牧	畜牧場的疫病防治與動線管理	現象觀察	區域管制	生物安全的動線控制	產業媒體	L1
C12-16	C12 農林漁牧	農會與產銷班的數位化程度	市場調查	—	基層數位落差	產業媒體	L0
C12-17	C12 農林漁牧	如果每一箱農產都有溫度履歷	跨界類比	溫度與位置同軸	同一顆標籤的農業版本	產業媒體	L2
C13-01	C13 診所藥局與醫療周邊	藥局的冷藏藥品，溫度怎麼管	現象觀察	data logger｜GDP 規範	法規驅動的溫控需求	產業媒體	L1
C13-02	C13 診所藥局與醫療周邊	診所的儀器借用，也會找不到	現象觀察	BLE 資產標籤	小型醫療機構的資產管理	產業媒體	L1
C13-03	C13 診所藥局與醫療周邊	疫苗冰箱斷電，多久會有人知道	現象觀察	溫度告警	異常通知的時效價值	產業媒體	L1
C13-04	C13 診所藥局與醫療周邊	洗腎中心的病患動線	現象觀察	區域判讀	定期回診場域的管理	產業媒體	L1
C13-05	C13 診所藥局與醫療周邊	居家醫療訪視，路線怎麼排	現象觀察	派遣最佳化	行動醫療的調度	產業媒體	L1
C13-06	C13 診所藥局與醫療周邊	藥師一天被問幾次輔具問題	問卷調查	—	通路端的真實工作樣貌	產業媒體	L1
C13-07	C13 診所藥局與醫療周邊	長照特約藥局，跟一般藥局差在哪	市場調查	—	通路資格的科普	產業媒體	L1
C13-08	C13 診所藥局與醫療周邊	檢體從診所送到實驗室，中間幾度	現象觀察	BLE 溫度標籤	檢體運送的溫控斷點	產業媒體	L2
C13-09	C13 診所藥局與醫療周邊	復健科的器材使用率	現象觀察	資產使用率分析	採購決策的資料支撐	產業媒體	L1
C13-10	C13 診所藥局與醫療周邊	健檢中心的受檢者，怎麼不迷路	現象觀察	室內導航｜區域定位	大型院所的導引需求	產業媒體	L1
C13-11	C13 診所藥局與醫療周邊	長照給付的輔具，藥局怎麼進貨	市場調查	—	通路端的供應鏈	產業媒體	L1
C13-12	C13 診所藥局與醫療周邊	醫材查驗登記字號，你會查嗎	冷知識	法規查證	教讀者自己查證	部落格	L2
C13-13	C13 診所藥局與醫療周邊	居家護理師的安全，誰在顧	社會現狀	單獨作業告警	行動工作者的人身安全	產業媒體	L1
C13-14	C13 診所藥局與醫療周邊	診所的失智篩檢，做得多嗎	市場調查	—	早期發現與介入時機	產業媒體	L0
C13-15	C13 診所藥局與醫療周邊	藥品回收，追得到哪一批嗎	現象觀察	批號與序號追溯	追溯能力的實際考驗	產業媒體	L1
C13-16	C13 診所藥局與醫療周邊	預約掛號到實際看診，落差多久	市場調查	時間資料	流程資料化的價值	Threads	L0
C13-17	C13 診所藥局與醫療周邊	藥局如果變成照顧資源的入口	跨界類比	轉介節點	通路的角色升級	產業媒體	L2
C14-01	C14 美業與個人服務	美髮沙龍的設備與工具管理	現象觀察	BLE 標籤	微型服務業的資產	產業媒體	L0
C14-02	C14 美業與個人服務	到府服務人員的安全，誰在乎	社會現狀	單獨作業告警	行動服務業的人身風險	Threads	L1
C14-03	C14 美業與個人服務	按摩與 SPA 的高齡客人，風險在哪	現象觀察	久未移動偵測	封閉空間的異常偵測	產業媒體	L1
C14-04	C14 美業與個人服務	美甲師與美容師的職業傷害	市場調查	—	服務業的職場議題	Threads	L0
C14-05	C14 美業與個人服務	家事服務員的行程與工時	現象觀察	派遣與紀錄	到府服務的工時舉證	產業媒體	L1
C14-06	C14 美業與個人服務	銀髮理髮到宅服務，怎麼排	現象觀察	路線最佳化	高齡到宅服務的調度	產業媒體	L1
C14-07	C14 美業與個人服務	個人工作室的營業資產怎麼保	現象觀察	BLE 標籤	微型創業的資產保護	Threads	L0
C14-08	C14 美業與個人服務	客人把東西忘在店裡，怎麼還	現象觀察	失物流程	日常遺失的處理	Threads	L0
C14-09	C14 美業與個人服務	接送客人的車輛管理	現象觀察	GNSS 車輛追蹤	小型車隊的管理	產業媒體	L1
C14-10	C14 美業與個人服務	美業的高齡客群，佔比多少	市場調查	—	高齡消費市場的規模	產業媒體	L0
C14-11	C14 美業與個人服務	到宅沐浴車的路線與時間	現象觀察	派遣系統	長照服務的移動段	產業媒體	L1
C14-12	C14 美業與個人服務	一對一服務的信任，怎麼建立	社會現狀	紀錄可追溯	紀錄即信任	Threads	L0
C14-13	C14 美業與個人服務	服務業的交班，跟醫護有什麼共通	跨界類比	交班紀錄	交班空白的普遍性	產業媒體	L1
C14-14	C14 美業與個人服務	如果每次到府都有自動時間戳記	跨界類比	自動事件紀錄	零操作紀錄的價值	產業媒體	L2
C14-15	C14 美業與個人服務	高齡客人在店內跌倒的責任	社會現狀	事件紀錄	責任認定與舉證	Threads	L1
C14-16	C14 美業與個人服務	預約爽約率，能不能降低	市場調查	提醒機制	行為資料的應用	Threads	L0
C14-17	C14 美業與個人服務	服務人員的手機，能當接收器嗎	跨界類比	員工手機接收	零硬體成本方案的延伸	技術部落格	L2
C15-01	C15 汽機車與維修	汽車鑰匙從實體到數位，經過什麼	現象觀察	UWB 數位鑰匙｜CCC Digital Key	距離感知在車用的旗艦應用	Mobile01／技術部落格	L2
C15-02	C15 汽機車與維修	中繼攻擊是什麼，為什麼車廠在意	冷知識	BT Channel Sounding RTT 防中繼	安全性設計的技術深度	技術部落格	L2
C15-03	C15 汽機車與維修	機車失竊後找回來的機率	市場調查	GPS 追蹤器	高失竊品的追回現實	Mobile01	L1
C15-04	C15 汽機車與維修	修車廠的工具與零件管理	現象觀察	BLE 標籤	維修業的資產流失	產業媒體	L1
C15-05	C15 汽機車與維修	行車紀錄器之外，還有什麼紀錄	現象觀察	GNSS 軌跡	多重紀錄的舉證價值	Mobile01	L1
C15-06	C15 汽機車與維修	共享機車的調度，怎麼算最省	現象觀察	GNSS 調度	共享經濟的定位核心	技術部落格	L1
C15-07	C15 汽機車與維修	停車場找不到車，一年浪費多少時間	市場調查	室內定位	最直覺的定位痛點	Threads	L1
C15-08	C15 汽機車與維修	高齡駕駛的議題，該怎麼談	社會現狀	—	高齡移動權與安全	Threads	L0
C15-09	C15 汽機車與維修	長輩騎車出門沒回家，怎麼找	現象觀察	群眾網路｜車載接收	移動段的協尋	FB 社團	L1
C15-10	C15 汽機車與維修	車用電壓 8V-52V 是什麼意思	冷知識	車載閘道器供電規格	技術規格的白話翻譯	技術部落格	L2
C15-11	C15 汽機車與維修	貨車司機的工時與休息，怎麼管	現象觀察	車輛與人員分離管理	人車分離的管理需求	產業媒體	L1
C15-12	C15 汽機車與維修	保養通知，從里程到什麼	現象觀察	使用率資料	預防保養的資料基礎	產業媒體	L1
C15-13	C15 汽機車與維修	隧道裡沒訊號，資料怎麼辦	冷知識	斷網快取與補傳	技術限制的成熟解法	技術部落格	L2
C15-14	C15 汽機車與維修	車廂是金屬的，訊號進得去嗎	冷知識	車廂屏蔽與穿透設計	高頻技術疑問	技術部落格	L2
C15-15	C15 汽機車與維修	車隊的路線偏離告警，實際有用嗎	現象觀察	地理圍欄告警	告警設計的實務	產業媒體	L1
C15-16	C15 汽機車與維修	接送長輩的家用車，需要什麼	跨界類比	車載接收概念	家庭場景的移動段	Threads	L1
C15-17	C15 汽機車與維修	汽車零件的序號追溯，做得到嗎	現象觀察	序號與履歷	零件溯源的價值	產業媒體	L1
C16-01	C16 物流快遞與搬家	包裹從下單到門口，經過幾個掃描點	冷知識	條碼｜RFID｜BLE	掃描點之間就是資料斷點	Threads	L1
C16-02	C16 物流快遞與搬家	搬家公司最常弄丟的東西	市場調查	BLE 標籤	搬遷過程的資產風險	Threads	L0
C16-03	C16 物流快遞與搬家	籠車與棧板，為什麼一直要重買	現象觀察	周轉具追蹤	周轉具流失的產業共通題	產業媒體	L1
C16-04	C16 物流快遞與搬家	超商取貨的包裹，暫存在哪	現象觀察	區域判讀	最後一哩的暫存管理	Threads	L0
C16-05	C16 物流快遞與搬家	冷凍包裹在你家門口放多久	現象觀察	溫度標籤	最後一哩的溫控斷點	Threads	L1
C16-06	C16 物流快遞與搬家	物流士一天走幾公里	現象觀察	軌跡資料	勞動強度的可視化	Threads	L0
C16-07	C16 物流快遞與搬家	跨境包裹的追蹤，斷在哪一國	現象觀察	國際物流追蹤	跨境資料鏈的斷點	Mobile01	L1
C16-08	C16 物流快遞與搬家	退貨逆物流的成本，誰在算	市場調查	周轉具回收	逆物流的隱形成本	產業媒體	L1
C16-09	C16 物流快遞與搬家	倉庫盤點要停幾天	市場調查	RFID 批次盤點	盤點工時的壓縮	產業媒體	L1
C16-10	C16 物流快遞與搬家	冷鏈車的溫度紀錄，客戶會查嗎	現象觀察	GDP 溫控稽核	舉證責任的現實	產業媒體	L2
C16-11	C16 物流快遞與搬家	物流中心的堆高機與人員動線	現象觀察	UWB 防撞	人車混流的安全	產業媒體	L2
C16-12	C16 物流快遞與搬家	搬家時把長輩的東西搬丟了	個人發現	—	從物品連到人的情緒轉折	Threads	L0
C16-13	C16 物流快遞與搬家	夜間配送的司機安全	社會現狀	單獨作業告警	夜間工作者的安全	產業媒體	L1
C16-14	C16 物流快遞與搬家	離島配送的溫控，怎麼撐過去	現象觀察	保冷箱確效	極端配送條件	產業媒體	L1
C16-15	C16 物流快遞與搬家	物流業的高齡員工比例	市場調查	—	勞動力結構改變	Threads	L0
C16-16	C16 物流快遞與搬家	一顆標籤，在棧板上與在鞋墊裡	跨界類比	同一定位底座	跨場域延伸的最直接說法	Threads／技術部落格	L2
C16-17	C16 物流快遞與搬家	物流數位化了，但追的是車還是人	現象觀察	車輛 vs 人員追蹤	本案核心洞察的物流版	產業媒體	L2
C17-01	C17 宗教民俗與大型集會	媽祖遶境，九天八夜怎麼不走散	現象觀察	群眾網路｜BLE	大型移動群體的定位需求	Threads／FB	L1
C17-02	C17 宗教民俗與大型集會	進香團的長輩，走失通報多不多	市場調查	—	宗教活動的高齡參與	Threads	L0
C17-03	C17 宗教民俗與大型集會	平安符裡面能放什麼	個人發現	BLE 標籤	無感載體的民俗版本	Threads	L1
C17-04	C17 宗教民俗與大型集會	廟會的人流，主辦怎麼估	現象觀察	人流計數	大型活動的人數掌握	產業媒體	L1
C17-05	C17 宗教民俗與大型集會	跨年演唱會的走失廣播	社會現狀	區域判讀	大型活動的協尋方式	Threads	L0
C17-06	C17 宗教民俗與大型集會	燈會與大型展演的動線設計	現象觀察	人流熱區	動線與安全的平衡	產業媒體	L1
C17-07	C17 宗教民俗與大型集會	選舉造勢場合的人數爭議	社會現狀	人流估算方法	資料方法論的公共討論	Threads	L0
C17-08	C17 宗教民俗與大型集會	遶境志工的調度與補給	現象觀察	派遣與位置	移動組織的調度	Threads	L1
C17-09	C17 宗教民俗與大型集會	長輩參加進香，家人怎麼放心	個人發現	群眾網路	家屬焦慮的宗教場景版	FB 社團	L1
C17-10	C17 宗教民俗與大型集會	廟宇的文物與香油錢管理	現象觀察	資產標籤	非典型場域的資產保護	Threads	L0
C17-11	C17 宗教民俗與大型集會	大型集會的緊急疏散演練	現象觀察	人員盤點	疏散盤點的公共版本	產業媒體	L1
C17-12	C17 宗教民俗與大型集會	遶境路線的即時位置分享	現象觀察	GNSS 直播	位置共享的正向應用	Threads	L1
C17-13	C17 宗教民俗與大型集會	喪葬場合的長輩照顧	社會現狀	—	被忽略的高齡場景	Threads	L0
C17-14	C17 宗教民俗與大型集會	夜市與廟口是社區守望的節點	現象觀察	社區協尋	人肉網路的在地基礎	FB 社團	L0
C17-15	C17 宗教民俗與大型集會	大型活動的失物招領量	市場調查	—	遺失規模的具體化	Threads	L0
C17-16	C17 宗教民俗與大型集會	如果每個志工背心都能回報位置	跨界類比	穿戴標籤	無感配戴的活動版本	產業媒體	L2
C17-17	C17 宗教民俗與大型集會	宗教團體的長照事工，做到哪	市場調查	—	信仰組織的照顧角色	產業媒體	L0
C18-01	C18 展演會議與觀光景點	展場的觀眾動線，主辦看得到嗎	現象觀察	BLE｜Wi-Fi 人流	展覽的資料化	產業媒體	L1
C18-02	C18 展演會議與觀光景點	博物館導覽，從語音機到手機	現象觀察	BLE Beacon 導覽	定位在文化場域的應用	技術部落格	L1
C18-03	C18 展演會議與觀光景點	美術館的長輩參觀，走散了怎麼辦	現象觀察	區域判讀	文化場域的高齡友善	Threads	L1
C18-04	C18 展演會議與觀光景點	會展的參觀者停留時間，怎麼算	現象觀察	停留時間分析	展位價值的量化	產業媒體	L1
C18-05	C18 展演會議與觀光景點	觀光工廠的導覽動線	現象觀察	區域感測	參訪場域的管理	產業媒體	L1
C18-06	C18 展演會議與觀光景點	景點的人流管制，怎麼決定	現象觀察	人流資料	公共管理的資料基礎	Threads	L0
C18-07	C18 展演會議與觀光景點	演唱會的排隊與入場效率	現象觀察	通行偵測	大型活動的通關	Threads	L0
C18-08	C18 展演會議與觀光景點	展品的借展與運送，溫溼度誰管	現象觀察	環境感測標籤	文物運送的環境監控	產業媒體	L1
C18-09	C18 展演會議與觀光景點	觀光景點的失智友善，做到哪	市場調查	國際失智友善景點	國際對照	部落格	L0
C18-10	C18 展演會議與觀光景點	導遊帶團，怎麼知道人到齊	現象觀察	群體點名	團體移動的清點	產業媒體	L1
C18-11	C18 展演會議與觀光景點	主題樂園的走失處理流程	現象觀察	區域判讀	封閉場域的協尋 SOP	Threads	L1
C18-12	C18 展演會議與觀光景點	夜間遊園的安全設計	現象觀察	照明與動線	環境設計與科技的互補	產業媒體	L0
C18-13	C18 展演會議與觀光景點	場館的無障礙路線，找得到嗎	社會現狀	室內導航	無障礙資訊的可及性	Threads	L0
C18-14	C18 展演會議與觀光景點	展場設備的搬運與清點	現象觀察	資產標籤	臨時場域的資產管理	產業媒體	L1
C18-15	C18 展演會議與觀光景點	觀展的高齡族群，需求是什麼	問卷調查	—	高齡文化參與的需求	Threads	L0
C18-16	C18 展演會議與觀光景點	台灣的照顧科技展，今年在看什麼	市場調查	國際照顧科技趨勢	產業趨勢觀察	產業媒體	L1
C18-17	C18 展演會議與觀光景點	一場展覽結束後，資料留下了什麼	跨界類比	資料資產化	活動資料的長期價值	產業媒體	L1
C19-01	C19 保全物管與社區	社區大樓的訪客管理，漏洞在哪	現象觀察	門禁＋定位	訪客管理的普遍缺口	產業媒體	L1
C19-02	C19 保全物管與社區	管理員一個人顧幾層樓	市場調查	—	人力配置的現實	Threads	L0
C19-03	C19 保全物管與社區	社區的獨居長輩，誰在看	社會現狀	久未移動告警	社區型守護的設計	FB 社團	L1
C19-04	C19 保全物管與社區	包裹放在管理室，一天幾件	市場調查	—	物管的隱形工作量	Threads	L0
C19-05	C19 保全物管與社區	保全巡邏的打卡點，能防弊嗎	現象觀察	BLE 巡檢防代刷	代刷卡問題的技術解	產業媒體	L2
C19-06	C19 保全物管與社區	公設的設備與器材管理	現象觀察	資產標籤	社區共有財的管理	產業媒體	L0
C19-07	C19 保全物管與社區	電梯故障困人，多久會被發現	現象觀察	異常偵測	封閉空間的求救	Threads	L1
C19-08	C19 保全物管與社區	社區的緊急疏散名冊，準嗎	現象觀察	人員盤點	名冊與實況的落差	產業媒體	L1
C19-09	C19 保全物管與社區	長輩在社區走失，鄰居會發現嗎	現象觀察	社區守望	人肉網路的第一線	FB 社團	L1
C19-10	C19 保全物管與社區	智慧社區，到底智慧在哪	現象觀察	IoT 整合	行銷詞與實質的落差	Threads	L0
C19-11	C19 保全物管與社區	里長辦公室能提供什麼照顧資源	市場調查	—	在地資源的盤點	FB 社團	L0
C19-12	C19 保全物管與社區	社區關懷據點的活動與出席	現象觀察	出席紀錄	據點營運的資料化	產業媒體	L1
C19-13	C19 保全物管與社區	大樓的監視器，調閱要多久	現象觀察	錄影與調閱	協尋現況的對照組	Threads	L1
C19-14	C19 保全物管與社區	社區的共享物品，怎麼借還	現象觀察	BLE 借還管理	共享資產的管理	產業媒體	L1
C19-15	C19 保全物管與社區	保全業的高齡就業現況	市場調查	—	勞動結構觀察	Threads	L0
C19-16	C19 保全物管與社區	如果社區的守望網有數位版本	跨界類比	群眾網路	社區協尋的技術延伸	Threads	L2
C19-17	C19 保全物管與社區	物管公司導入科技的最大阻力	問卷調查	—	導入阻力的通用題	產業媒體	L1
C20-01	C20 公共運輸車站機場	車站裡的長輩，最容易在哪迷路	現象觀察	室內定位	大型交通節點的定向難題	Threads	L1
C20-02	C20 公共運輸車站機場	機場的行李，一年有多少沒跟上	市場調查	行李追蹤系統	跨國資料鏈	Mobile01	L1
C20-03	C20 公共運輸車站機場	地勤的機坪作業，人員安全怎麼顧	現象觀察	UWB｜BLE 定位	高風險機坪的人員管理	產業媒體	L2
C20-04	C20 公共運輸車站機場	公車上遺留的物品，怎麼處理	現象觀察	失物流程	日常遺失的規模	Threads	L0
C20-05	C20 公共運輸車站機場	無障礙接駁的預約與調度	現象觀察	派遣系統	無障礙運輸的效率	產業媒體	L1
C20-06	C20 公共運輸車站機場	長輩搭錯車，多久會發現	現象觀察	軌跡異常偵測	異常行為的偵測	Threads	L1
C20-07	C20 公共運輸車站機場	捷運站的出口編號，對長輩友善嗎	社會現狀	導引設計	空間認知與高齡	Threads	L0
C20-08	C20 公共運輸車站機場	高鐵站的人流尖峰與疏運	現象觀察	人流資料	公共運輸的資料應用	產業媒體	L1
C20-09	C20 公共運輸車站機場	機場的輪椅服務，等多久	市場調查	—	無障礙服務的現實	Threads	L0
C20-10	C20 公共運輸車站機場	計程車遺留物的協尋	現象觀察	Find My｜Find Hub	跨載具的最後偵測位置	Threads	L1
C20-11	C20 公共運輸車站機場	客運駕駛的工時與休息管理	現象觀察	車輛與人員資料	駕駛安全管理	產業媒體	L1
C20-12	C20 公共運輸車站機場	轉運站的動線，為什麼容易迷路	現象觀察	室內導航	大型場域的導引	Threads	L0
C20-13	C20 公共運輸車站機場	票證資料能看出什麼行為模式	冷知識	通行資料	資料的可推論性與隱私	Threads	L1
C20-14	C20 公共運輸車站機場	站務人員的緊急應變流程	現象觀察	事件推播	告警分流的設計	產業媒體	L1
C20-15	C20 公共運輸車站機場	長照接送車與一般復康巴士，差在哪	市場調查	—	接送服務的分類科普	產業媒體	L1
C20-16	C20 公共運輸車站機場	接送車上下車的自動紀錄	跨界類比	BLE 車載考勤	本案核心洞察的公共運輸版	產業媒體	L2
C20-17	C20 公共運輸車站機場	無人載具來了，人的定位更重要還是更不重要	跨界類比	AGV｜自駕	自動化與人員安全的關係	技術部落格	L1
C21-01	C21 銀髮生活（非官方視角）	退休後的一天，時間都花在哪	問卷調查	—	用生活問題切入高齡族群	Threads	L0
C21-02	C21 銀髮生活（非官方視角）	長輩的固定路線，其實很固定	現象觀察	軌跡與習慣	習慣路線是異常判讀的基礎	Threads	L1
C21-03	C21 銀髮生活（非官方視角）	銀髮族的手機使用率，比你想的高	市場調查	—	數位落差的實況	Threads	L0
C21-04	C21 銀髮生活（非官方視角）	長輩最討厭被說的三句話	問卷調查	—	同理心切入，非官方口吻	Threads／FB	L0
C21-05	C21 銀髮生活（非官方視角）	為什麼長輩不喜歡戴任何新東西	現象觀察	配戴依從性	配戴意願的核心命題	Threads	L1
C21-06	C21 銀髮生活（非官方視角）	銀髮住宅與一般住宅的設計差在哪	市場調查	國際高齡住宅	國際對照	部落格	L0
C21-07	C21 銀髮生活（非官方視角）	獨居長輩一天說幾句話	社會現狀	—	孤獨議題的量化	Threads	L0
C21-08	C21 銀髮生活（非官方視角）	長輩的鞋子，多久換一次	冷知識	—	從日常物件切入產品場景	Threads	L1
C21-09	C21 銀髮生活（非官方視角）	銀髮族的消費力，被低估了嗎	市場調查	銀髮經濟規模	市場規模的建立	產業媒體	L0
C21-10	C21 銀髮生活（非官方視角）	長輩出門前會檢查什麼	問卷調查	—	行為觀察的趣味化	Threads	L0
C21-11	C21 銀髮生活（非官方視角）	長輩的社交圈，退休後縮小多少	市場調查	—	社會參與與失智風險	Threads	L0
C21-12	C21 銀髮生活（非官方視角）	高齡者的科技接受度，關鍵在哪	問卷調查	—	接受度而非功能，才是門檻	產業媒體	L1
C21-13	C21 銀髮生活（非官方視角）	銀髮友善的字體、按鍵、聲音	現象觀察	適老化設計	設計細節的重要性	技術部落格	L1
C21-14	C21 銀髮生活（非官方視角）	長輩自己買的第一個 3C 產品是什麼	問卷調查	—	消費行為的觀察	Threads	L0
C21-15	C21 銀髮生活（非官方視角）	共餐據點的出席，能看出什麼	現象觀察	出席資料	行為資料的健康訊號	產業媒體	L1
C21-16	C21 銀髮生活（非官方視角）	長輩走路速度變慢，代表什麼	冷知識	步態與衰弱	日常指標的健康意義	Threads	L0
C21-17	C21 銀髮生活（非官方視角）	如果守護是「不用他配合」的	跨界類比	無感配戴	本案核心主張的生活化表達	Threads	L2
C22-01	C22 身心障礙與特教	自閉症孩子的遊走行為	現象觀察	電子圍籬	非失智族群的同類需求	FB 社團	L1
C22-02	C22 身心障礙與特教	智能障礙者的走失通報比例	市場調查	警政統計	族群風險的量化	Threads	L0
C22-03	C22 身心障礙與特教	特教學校的安全設計	現象觀察	區域判讀	特殊教育場域	產業媒體	L1
C22-04	C22 身心障礙與特教	身障輔具補助，跟長照補助差在哪	市場調查	—	兩套制度的釐清	部落格	L1
C22-05	C22 身心障礙與特教	視障者的室內導航，做到哪	市場調查	BLE Beacon 導盲	無障礙科技的國際實作	技術部落格	L1
C22-06	C22 身心障礙與特教	聽障者的告警方式，不能只靠聲音	現象觀察	震動與閃光告警	多感官告警設計	技術部落格	L1
C22-07	C22 身心障礙與特教	身心障礙者的就業與職場安全	社會現狀	—	職場包容與安全	Threads	L0
C22-08	C22 身心障礙與特教	家長最怕孩子長大之後	社會現狀	—	雙老家庭的長期焦慮	FB 社團	L0
C22-09	C22 身心障礙與特教	庇護工場的作業安全	現象觀察	區域管制	特殊職場的安全	產業媒體	L1
C22-10	C22 身心障礙與特教	輔具評估人員在評什麼	市場調查	—	專業流程的科普	部落格	L1
C22-11	C22 身心障礙與特教	無障礙路線的資訊，誰在維護	社會現狀	公共資料	公共資訊的可及性	Threads	L0
C22-12	C22 身心障礙與特教	通用設計的原則，其實對所有人都好	冷知識	Universal Design	設計哲學的普及	Threads	L0
C22-13	C22 身心障礙與特教	特殊需求者的定位，同意誰來給	社會現狀	知情同意	倫理的核心問題	Threads	L1
C22-14	C22 身心障礙與特教	復康巴士的預約，為什麼這麼難	市場調查	派遣系統	無障礙運輸的供需	Threads	L0
C22-15	C22 身心障礙與特教	日間作業設施的人員管理	現象觀察	區域判讀	特殊場域的日常管理	產業媒體	L1
C22-16	C22 身心障礙與特教	雙老家庭的長期照顧規劃	社會現狀	—	高齡＋身障的雙重議題	部落格	L0
C22-17	C22 身心障礙與特教	非侵入式守護，怎麼定義	跨界類比	無感配戴	核心主張的族群延伸	產業媒體	L2
C23-01	C23 3C 玩物與收藏	防丟標籤十年演進史	現象觀察	Tile｜AirTag｜SmartTag｜Find Hub	品類演進的國際視角	Mobile01	L2
C23-02	C23 3C 玩物與收藏	Bluetooth 6.0 帶來了什麼	冷知識	Bluetooth Channel Sounding (Core 6.0, 2024)	最新標準的科普	Mobile01／技術部落格	L2
C23-03	C23 3C 玩物與收藏	UWB 與藍牙測距，差在哪	冷知識	FiRa UWB｜IEEE 802.15.4z/4ab	兩大技術路線的對比	技術部落格	L2
C23-04	C23 3C 玩物與收藏	為什麼 UWB 吃電這麼兇	冷知識	UWB Tx 45-75mA vs BLE 4-6.5mA	功耗差異的具體數字	技術部落格	L2
C23-05	C23 3C 玩物與收藏	CR2032 到底能撐多久	冷知識	鈕扣電池能量預算	續航的物理極限	Mobile01	L2
C23-06	C23 3C 玩物與收藏	Find My 與 Find Hub 網路，誰比較大	市場調查	Apple Find My｜Google Find Hub	群眾網路規模的關鍵	Mobile01	L2
C23-07	C23 3C 玩物與收藏	反追蹤警示是怎麼運作的	冷知識	IETF DULT 工作組	國際標準的隱私設計	Mobile01／技術部落格	L2
C23-08	C23 3C 玩物與收藏	AoA、AoD、RSSI、Channel Sounding 一次搞懂	冷知識	Bluetooth 5.1 DF｜Core 6.0 CS	技術名詞的白話翻譯	技術部落格	L2
C23-09	C23 3C 玩物與收藏	學術實測怎麼說 Channel Sounding	市場調查	IEEE Access 2025 實測論文	誠實引用學術結論	技術部落格	L2
C23-10	C23 3C 玩物與收藏	為什麼手機廠都在做尋找網路	現象觀察	Apple｜Google｜Samsung	平台戰爭的觀察	Mobile01	L1
C23-11	C23 3C 玩物與收藏	把標籤塞進鞋子，國外早有人做	市場調查	智慧鞋墊／鞋內感測	無感載體的國際先例	Mobile01	L2
C23-12	C23 3C 玩物與收藏	開箱一顆只有廣播功能的標籤	個人發現	BLE Beacon	最簡單的定位裝置長什麼樣	Mobile01	L2
C23-13	C23 3C 玩物與收藏	為什麼有些標籤不用配對	冷知識	廣播 vs 連線	技術原理科普	技術部落格	L1
C23-14	C23 3C 玩物與收藏	台灣的定位新創在做什麼	市場調查	本土 RTLS 廠商	產業盤點	Mobile01	L2
C23-15	C23 3C 玩物與收藏	定位技術的下一個十年	現象觀察	GNSS＋室內測距融合	國際技術路線圖	技術部落格	L1
C23-16	C23 3C 玩物與收藏	我把四種標籤帶去地下室	個人發現	多技術實測	誠實實測的價值	Mobile01／YouTube	L2
C23-17	C23 3C 玩物與收藏	定位不等於追蹤，差在哪	冷知識	回報型 vs 追蹤型	本案最核心的觀念澄清	Mobile01／Threads	L2
C24-01	C24 職場管理與人資	員工定位，法律上能做到哪	社會現狀	勞動法規	界線的法律基礎	LinkedIn	L1
C24-02	C24 職場管理與人資	去識別化統計，為什麼阻力最小	現象觀察	群體統計	導入方法論	LinkedIn	L2
C24-03	C24 職場管理與人資	出勤管理從打卡機到什麼	現象觀察	BLE 區域感測	管理工具的演進	LinkedIn	L1
C24-04	C24 職場管理與人資	新人訓練，老師傅的路徑能被學會嗎	現象觀察	軌跡與動線分析	隱性知識的顯性化	LinkedIn	L2
C24-05	C24 職場管理與人資	你願意讓公司知道你去廁所幾次嗎	問卷調查	倫理紅線	界線的具體化討論	Dcard	L0
C24-06	C24 職場管理與人資	工安事故後的檢討會，怎麼開	現象觀察	事件回溯	紀錄的管理價值	LinkedIn	L1
C24-07	C24 職場管理與人資	高齡員工的職務再設計	社會現狀	—	勞動力高齡化的因應	產業媒體	L0
C24-08	C24 職場管理與人資	多廠區的人員調度	現象觀察	跨場域定位	大型組織的管理	LinkedIn	L1
C24-09	C24 職場管理與人資	員工手機當接收器，同意嗎	問卷調查	員工 App 接收	零硬體方案的倫理前提	LinkedIn	L2
C24-10	C24 職場管理與人資	科技導入最大的阻力是什麼	問卷調查	—	導入阻力的通用題	LinkedIn	L1
C24-11	C24 職場管理與人資	交接不清楚，一年浪費多少成本	市場調查	交班紀錄	交班空白的成本	LinkedIn	L1
C24-12	C24 職場管理與人資	遠距與現場混合的管理難題	現象觀察	—	新型態工作的管理	LinkedIn	L0
C24-13	C24 職場管理與人資	企業的 ESG 報告，需要什麼資料	現象觀察	自動化資料彙整	合規驅動的資料需求	LinkedIn	L1
C24-14	C24 職場管理與人資	員工照顧家中長輩的隱形請假	社會現狀	—	照顧與職場的交會	LinkedIn／Threads	L0
C24-15	C24 職場管理與人資	友善照顧職場，企業做得到什麼	市場調查	企業標章	企業社會責任	LinkedIn	L0
C24-16	C24 職場管理與人資	承攬商管理的責任邊界	社會現狀	—	法律責任的釐清	LinkedIn	L1
C24-17	C24 職場管理與人資	如果管理的目的是保護而不是監看	跨界類比	—	論述框架的翻轉	LinkedIn	L1
C25-01	C25 災防救難與消防	地震後的人員清點，怎麼做	現象觀察	人員盤點	災後盤點的需求	產業媒體	L1
C25-02	C25 災防救難與消防	消防員進入火場後，指揮官看得到嗎	現象觀察	UWB｜慣性定位	極端環境的定位挑戰	技術部落格	L2
C25-03	C25 災防救難與消防	避難收容所的人員登記	現象觀察	區域判讀	災時管理的資料化	產業媒體	L1
C25-04	C25 災防救難與消防	水災時的長輩撤離	社會現狀	—	災防中的弱勢族群	Threads	L0
C25-05	C25 災防救難與消防	搜救犬與科技，誰比較快	跨界類比	—	人、犬、機的互補	Threads	L0
C25-06	C25 災防救難與消防	防災演練的盤點時間	現象觀察	BLE 人員盤點	演練效率的跨場域題	產業媒體	L2
C25-07	C25 災防救難與消防	救護車上的病患資料，怎麼同步	現象觀察	車載行動感測	院前到院內的資料鏈	產業媒體	L2
C25-08	C25 災防救難與消防	山域與水域的救援差異	冷知識	不同介質的定位	技術限制的科普	Threads	L1
C25-09	C25 災防救難與消防	緊急聯絡人資訊，多久更新一次	問卷調查	—	基礎準備的提醒	Threads	L0
C25-10	C25 災防救難與消防	獨居長輩的災時協助名冊	社會現狀	—	弱勢盤點的公共議題	產業媒體	L0
C25-11	C25 災防救難與消防	停電時，哪些設備還能運作	現象觀察	備用電源設計	韌性設計	技術部落格	L1
C25-12	C25 災防救難與消防	斷網的災區，資料怎麼回傳	冷知識	LoRa｜衛星｜本地快取	極端條件的技術選型	技術部落格	L2
C25-13	C25 災防救難與消防	防災士在社區扮演什麼角色	市場調查	—	社區韌性	Threads	L0
C25-14	C25 災防救難與消防	長照機構的防災計畫，寫了什麼	市場調查	—	機構的法定義務	產業媒體	L1
C25-15	C25 災防救難與消防	火災時的垂直避難與水平避難	冷知識	—	安全知識的普及	Threads	L0
C25-16	C25 災防救難與消防	如果疏散時就知道誰還沒出來	跨界類比	即時人員盤點	最有畫面感的價值主張	產業媒體	L2
C25-17	C25 災防救難與消防	災後的失聯協尋，靠什麼	現象觀察	群眾網路｜協尋平台	公共協尋機制	Threads	L1
C26-01	C26 環保回收與循環	垃圾車的路線，能更有效率嗎	現象觀察	GNSS 派遣	公共服務的最佳化	Threads	L0
C26-02	C26 環保回收與循環	回收桶滿了，誰會知道	現象觀察	感測器＋回報	智慧城市的基礎應用	技術部落格	L1
C26-03	C26 環保回收與循環	循環容器的回收率，怎麼提高	現象觀察	BLE 周轉具追蹤	循環經濟的定位基礎	產業媒體	L2
C26-04	C26 環保回收與循環	租賃取代購買，對環境的意義	現象觀察	輔具租賃制	政策與永續的交會	產業媒體	L1
C26-05	C26 環保回收與循環	電子廢棄物裡有多少電池	冷知識	鈕扣電池回收	產品生命週期的責任	Threads	L1
C26-06	C26 環保回收與循環	一片鞋墊的生命週期有多長	跨界類比	產品壽命	耗材型產品的永續思考	Threads	L2
C26-07	C26 環保回收與循環	二手輔具的媒合平台，運作得如何	市場調查	—	資源再利用	產業媒體	L1
C26-08	C26 環保回收與循環	清消與消毒的環境成本	現象觀察	清消規範	租賃制的隱形成本	產業媒體	L1
C26-09	C26 環保回收與循環	ESG 報告要揭露什麼	市場調查	資料自動彙整	合規驅動的資料需求	LinkedIn	L1
C26-10	C26 環保回收與循環	包裝減量與物流效率	現象觀察	—	永續與效率的關係	產業媒體	L0
C26-11	C26 環保回收與循環	冷鏈的能耗，佔物流多少	市場調查	—	永續議題的量化	產業媒體	L1
C26-12	C26 環保回收與循環	舊手機能做什麼	跨界類比	舊裝置當接收器	資源再利用的技術想像	Mobile01	L1
C26-13	C26 環保回收與循環	低功耗設計，本身就是一種永續	冷知識	BLE 能耗設計	技術與永續的連結	技術部落格	L2
C26-14	C26 環保回收與循環	不用月租，對環境有差嗎	跨界類比	SIM 與基地台能耗	商業模式的環境面	Threads	L2
C26-15	C26 環保回收與循環	資產找得到，就不用重買	跨界類比	資產定位	定位的永續價值	LinkedIn	L2
C26-16	C26 環保回收與循環	台灣的循環經濟政策，做到哪	市場調查	—	政策脈絡	產業媒體	L0
C26-17	C26 環保回收與循環	維修權運動，跟輔具有關嗎	社會現狀	Right to Repair	國際運動與在地連結	Threads	L1
C27-01	C27 金融保險與風險	長照險的理賠，卡在哪一關	市場調查	—	保險與照顧的交會	部落格	L1
C27-02	C27 金融保險與風險	意外險理賠需要什麼證據	現象觀察	時間與位置紀錄	紀錄的金融價值	部落格	L1
C27-03	C27 金融保險與風險	保險公司為什麼在意穿戴資料	現象觀察	國際保險科技	資料驅動的風險定價	技術部落格	L1
C27-04	C27 金融保險與風險	高齡者的金融剝削，怎麼防	社會現狀	—	高齡保護的金融面	Threads	L0
C27-05	C27 金融保險與風險	失智者的財產管理與監護	社會現狀	意定監護	法律準備的重要性	部落格	L0
C27-06	C27 金融保險與風險	產品責任保險，買家該怎麼看	冷知識	產品責任險	採購時的風險檢核	部落格	L2
C27-07	C27 金融保險與風險	企業的工安保險與紀錄	現象觀察	事件歷程	保費與管理品質的關係	LinkedIn	L1
C27-08	C27 金融保險與風險	貨損理賠，溫度紀錄有沒有用	現象觀察	溫度履歷	舉證的商業價值	產業媒體	L2
C27-09	C27 金融保險與風險	照顧成本，一年到底多少	市場調查	—	財務規劃的現實	部落格	L0
C27-10	C27 金融保險與風險	提早規劃與臨時應變，差多少錢	市場調查	—	預防的經濟價值	部落格	L0
C27-11	C27 金融保險與風險	機構的責任險涵蓋範圍	市場調查	—	機構風險管理	產業媒體	L1
C27-12	C27 金融保險與風險	走失事故的賠償判決怎麼判	社會現狀	司法判決	責任認定的實例	部落格	L1
C27-13	C27 金融保險與風險	科技導入能不能降低保費	現象觀察	風險管理	導入的財務誘因	LinkedIn	L2
C27-14	C27 金融保險與風險	銀髮族的詐騙防範	社會現狀	—	高齡保護的公共議題	Threads	L0
C27-15	C27 金融保險與風險	輔具補助的財務規劃	市場調查	給付額度	額度配置的決策	部落格	L1
C27-16	C27 金融保險與風險	企業採購的付款條件，怎麼談	現象觀察	分期付款慣例	採購實務的科普	LinkedIn	L2
C27-17	C27 金融保險與風險	風險轉嫁與風險降低，哪個划算	跨界類比	—	風險管理的觀念	LinkedIn	L1
C28-01	C28 法律責任與爭議	機構走失事故，責任怎麼認定	社會現狀	司法判決	舉證責任的核心	部落格／產業媒體	L1
C28-02	C28 法律責任與爭議	「盡到注意義務」要怎麼證明	現象觀察	紀錄可追溯	紀錄即免責基礎	產業媒體	L2
C28-03	C28 法律責任與爭議	定位資料算不算個資	冷知識	個資法	法律定性的釐清	部落格	L1
C28-04	C28 法律責任與爭議	特種個資是什麼，為什麼不能亂收	冷知識	個資法第 6 條	醫療資料的紅線	部落格	L1
C28-05	C28 法律責任與爭議	同意書要寫到什麼程度	現象觀察	告知同意	合規文件的實務	產業媒體	L2
C28-06	C28 法律責任與爭議	未成年人的定位，誰能同意	社會現狀	法定代理	同意權的歸屬	Threads	L0
C28-07	C28 法律責任與爭議	失智者的知情同意怎麼處理	社會現狀	法定代理人	最困難的倫理問題	部落格	L1
C28-08	C28 法律責任與爭議	跟蹤騷擾防制法與定位裝置	社會現狀	跟騷法｜DULT	法律與技術的對應	Threads	L1
C28-09	C28 法律責任與爭議	資料保存多久才合法	現象觀察	保存期限	資料治理的基礎	產業媒體	L1
C28-10	C28 法律責任與爭議	員工定位的勞資爭議案例	社會現狀	—	實例學習	LinkedIn	L1
C28-11	C28 法律責任與爭議	廣告不實的界線在哪	冷知識	公平交易法	行銷合規	部落格	L1
C28-12	C28 法律責任與爭議	業配沒揭露，會怎樣	冷知識	薦證廣告規範	內容行銷的法遵	Threads	L1
C28-13	C28 法律責任與爭議	醫療效能宣稱的紅線	冷知識	醫材與食安法規	宣稱邊界	部落格	L1
C28-14	C28 法律責任與爭議	契約裡最該看的三行	現象觀察	驗收與保固條款	採購實務	LinkedIn	L2
C28-15	C28 法律責任與爭議	消費爭議調解，怎麼走	市場調查	—	消費者權益	部落格	L0
C28-16	C28 法律責任與爭議	資安事件的通報義務	冷知識	通報時限	合規要求	技術部落格	L2
C28-17	C28 法律責任與爭議	定位不是萬靈丹，免責聲明該怎麼寫	跨界類比	—	誠實揭露 vs 推責的差別	產業媒體	L2
C29-01	C29 國際科技觀察	日本的介護科技，走到哪了	市場調查	日本介護保險輔具租賃	國際制度對照	部落格／產業媒體	L1
C29-02	C29 國際科技觀察	荷蘭失智村，是烏托邦還是可複製	市場調查	Hogeweyk	國際照顧設計的標竿	部落格	L0
C29-03	C29 國際科技觀察	北歐的高齡科技補助怎麼給	市場調查	—	政策設計的國際比較	產業媒體	L1
C29-04	C29 國際科技觀察	美國的群眾網路生態	市場調查	Apple Find My｜Amazon Sidewalk	群眾網路的多元實作	技術部落格	L2
C29-05	C29 國際科技觀察	歐盟的資料保護，比台灣嚴多少	冷知識	GDPR	隱私法規的國際比較	部落格	L1
C29-06	C29 國際科技觀察	國際 RTLS 大廠在做什麼	市場調查	Quuppa｜Kinexon｜Zebra｜Sewio	國際廠商盤點	技術部落格	L2
C29-07	C29 國際科技觀察	運動科學的定位技術，精度多高	市場調查	Kinexon｜Catapult	頂級應用的技術水準	技術部落格	L2
C29-08	C29 國際科技觀察	IEEE 802.15.4ab 在改什麼	冷知識	UWB 下一代標準	標準演進的追蹤	技術部落格	L2
C29-09	C29 國際科技觀察	Bluetooth SIG 的路線圖	市場調查	Bluetooth Core 6.0 之後	標準組織的方向	技術部落格	L2
C29-10	C29 國際科技觀察	各國的失智政策，誰做得最好	市場調查	WHO 全球失智行動計畫	政策國際比較	部落格	L0
C29-11	C29 國際科技觀察	國外的走失協尋系統長什麼樣	市場調查	Silver Alert 等機制	公共機制的國際對照	部落格	L1
C29-12	C29 國際科技觀察	亞洲的高齡化速度排名	市場調查	聯合國人口資料	議題規模的國際視角	Threads	L0
C29-13	C29 國際科技觀察	國際照顧科技展在展什麼	市場調查	國際展會趨勢	產業趨勢追蹤	產業媒體	L1
C29-14	C29 國際科技觀察	台灣的定位技術，在國際上什麼位置	市場調查	本土 vs 國際廠商	自我定位的誠實評估	技術部落格	L2
C29-15	C29 國際科技觀察	為什麼國際大廠不做長照定位	現象觀察	市場規模與在地性	利基市場的存在理由	產業媒體	L2
C29-16	C29 國際科技觀察	跨國照顧移工的資訊落差	社會現狀	—	全球照顧鏈	Threads	L0
C29-17	C29 國際科技觀察	在地化，為什麼是外商追不上的護城河	跨界類比	補助制度與在地通路	本土優勢的論述	產業媒體	L2
C30-01	C30 世代觀察與社會現象	超高齡社會，今年真的到了	社會現狀	人口統計	議題重量的基礎	Threads	L0
C30-02	C30 世代觀察與社會現象	三明治世代的一天	社會現狀	—	世代處境的共鳴	Threads／Dcard	L0
C30-03	C30 世代觀察與社會現象	為什麼我們對「老」這麼焦慮	社會現狀	—	文化心理的探討	Threads	L0
C30-04	C30 世代觀察與社會現象	照顧離職，一年有多少人	市場調查	—	社會成本的量化	Threads	L0
C30-05	C30 世代觀察與社會現象	長照新聞底下的留言，在吵什麼	現象觀察	—	輿論結構的觀察	Threads	L0
C30-06	C30 世代觀察與社會現象	科技解決不了的那一塊，是什麼	社會現狀	—	誠實的邊界	Threads	L0
C30-07	C30 世代觀察與社會現象	我們這代人，會怎麼老	社會現狀	—	世代投射	Threads	L0
C30-08	C30 世代觀察與社會現象	獨居戶數成長的曲線	市場調查	戶政統計	家庭結構改變	Threads	L0
C30-09	C30 世代觀察與社會現象	數位落差，在高齡族群多大	市場調查	—	接受度的結構因素	產業媒體	L0
C30-10	C30 世代觀察與社會現象	「不想造成別人麻煩」的文化	社會現狀	—	求助行為的文化障礙	Threads	L0
C30-11	C30 世代觀察與社會現象	為什麼免費的資源也沒人用	現象觀察	滲透率資料	品類失敗的核心提問	Threads	L1
C30-12	C30 世代觀察與社會現象	被標籤化的恐懼，有多真實	社會現狀	—	抗拒的心理根源	Threads	L1
C30-13	C30 世代觀察與社會現象	照顧與工作，能不能兩全	社會現狀	—	制度與現實的落差	Threads	L0
C30-14	C30 世代觀察與社會現象	AI 進入照顧現場，我們準備好了嗎	現象觀察	AI 照顧應用	技術與倫理的討論	Threads	L1
C30-15	C30 世代觀察與社會現象	一個人可以照顧幾個人	市場調查	人力配置	照顧人力的數學	產業媒體	L0
C30-16	C30 世代觀察與社會現象	當照顧變成全民議題	社會現狀	—	議題升級的呼籲	投書	L0
C30-17	C30 世代觀察與社會現象	十年後，我們希望被怎麼照顧	問卷調查	—	最有共鳴的收尾題	Threads	L0
